"Datum";"Naam / Omschrijving";"Rekening";"Tegenrekening";"Code";"Af Bij";"Bedrag (EUR)";"Mutatiesoort";"Mededelingen";"Saldo na mutatie";"Tag"
"20260828";"Brasserie De Zon";"NL00INGB0001234567";"";"BA";"Af";"102,28";"Betaalautomaat";"";"5966,96";""
"20260825";"Jumbo Utrecht";"NL00INGB0001234567";"";"BA";"Af";"25,16";"Betaalautomaat";"Pasvolgnr: 001";"6069,24";""
"20260823";"Shell Utrecht";"NL00INGB0001234567";"";"BA";"Af";"63,42";"Betaalautomaat";"";"6094,40";""
"20260821";"Picnic";"NL00INGB0001234567";"";"BA";"Af";"111,60";"Betaalautomaat";"Pasvolgnr: 001";"6157,82";""
"20260821";"Dominos Pizza";"NL00INGB0001234567";"";"BA";"Af";"27,69";"Betaalautomaat";"";"6269,42";""
"20260820";"Naar Oranje Spaarrekening V12345678";"NL00INGB0001234567";"NL10INGB";"GT";"Af";"400,00";"Online bankieren";"Maandelijks sparen";"6297,11";""
"20260820";"Picnic";"NL00INGB0001234567";"";"BA";"Af";"96,68";"Betaalautomaat";"Pasvolgnr: 001";"6697,11";""
"20260818";"Shell Utrecht";"NL00INGB0001234567";"";"BA";"Af";"50,15";"Betaalautomaat";"";"6793,79";""
"20260817";"Vriend";"NL00INGB0001234567";"NL13";"GT";"Af";"25,00";"Online bankieren";"Tikkie verjaardag";"6843,94";""
"20260816";"bol.com b.v.";"NL00INGB0001234567";"NL12";"BA";"Af";"81,06";"iDEAL";"Bestelling";"6868,94";""
"20260813";"Kruidvat 7766";"NL00INGB0001234567";"";"BA";"Af";"13,38";"Betaalautomaat";"";"6950,00";""
"20260812";"Basic-Fit Nederland";"NL00INGB0001234567";"NL99";"BA";"Af";"29,99";"Incasso";"Lidmaatschap";"6963,38";""
"20260811";"Albert Heijn 1234";"NL00INGB0001234567";"";"BA";"Af";"23,60";"Betaalautomaat";"Pasvolgnr: 001";"6993,37";""
"20260810";"Zilveren Kruis Zorgverzekeringen";"NL00INGB0001234567";"NL88";"BA";"Af";"298,40";"Incasso";"Premie";"7016,97";""
"20260809";"Spotify AB";"NL00INGB0001234567";"NL77";"BA";"Af";"17,99";"Incasso";"Spotify Duo";"7315,37";""
"20260808";"Netflix International B.V.";"NL00INGB0001234567";"NL66";"BA";"Af";"13,99";"Incasso";"Netflix";"7333,36";""
"20260808";"Picnic";"NL00INGB0001234567";"";"BA";"Af";"82,19";"Betaalautomaat";"Pasvolgnr: 001";"7347,35";""
"20260808";"Jumbo Utrecht";"NL00INGB0001234567";"";"BA";"Af";"22,25";"Betaalautomaat";"Pasvolgnr: 001";"7429,54";""
"20260806";"Ziggo Services BV";"NL00INGB0001234567";"NL55";"BA";"Af";"68,50";"Incasso";"Internet + TV";"7451,79";""
"20260805";"Vattenfall Klantenservice N.V.";"NL00INGB0001234567";"NL44";"BA";"Af";"142,00";"Incasso";"Termijnbedrag energie";"7520,29";""
"20260805";"Dominos Pizza";"NL00INGB0001234567";"";"BA";"Af";"35,69";"Betaalautomaat";"";"7662,29";""
"20260805";"Dominos Pizza";"NL00INGB0001234567";"";"BA";"Af";"45,74";"Betaalautomaat";"";"7697,98";""
"20260805";"Shell Utrecht";"NL00INGB0001234567";"";"BA";"Af";"70,66";"Betaalautomaat";"";"7743,72";""
"20260803";"Lidl Nieuwegein";"NL00INGB0001234567";"";"BA";"Af";"94,33";"Betaalautomaat";"Pasvolgnr: 001";"7814,38";""
"20260802";"Florius hypotheken";"NL00INGB0001234567";"NL33ABNA000";"BA";"Af";"1245,30";"Incasso";"Hypotheek termijn";"7908,71";""
"20260802";"Jumbo Utrecht";"NL00INGB0001234567";"";"BA";"Af";"32,15";"Betaalautomaat";"Pasvolgnr: 001";"9154,01";""
"20260802";"Dominos Pizza";"NL00INGB0001234567";"";"BA";"Af";"31,54";"Betaalautomaat";"";"9186,16";""
"20260801";"Partner A";"NL00INGB0001234567";"NL11INGB0009999999";"GT";"Bij";"1850,00";"Online bankieren";"Inleg gezamenlijke rekening";"9217,70";""
"20260801";"Partner B";"NL00INGB0001234567";"NL22RABO0008888888";"BA";"Bij";"1650,00";"Overschrijving";"Inleg";"7367,70";""
"20260801";"Lidl Nieuwegein";"NL00INGB0001234567";"";"BA";"Af";"70,06";"Betaalautomaat";"Pasvolgnr: 001";"5717,70";""
"20260728";"Lidl Nieuwegein";"NL00INGB0001234567";"";"BA";"Af";"112,42";"Betaalautomaat";"Pasvolgnr: 001";"5787,76";""
"20260726";"Albert Heijn 1234";"NL00INGB0001234567";"";"BA";"Af";"52,70";"Betaalautomaat";"Pasvolgnr: 001";"5900,18";""
"20260726";"Uber Eats";"NL00INGB0001234567";"";"BA";"Af";"38,71";"Betaalautomaat";"";"5952,88";""
"20260725";"Albert Heijn 1234";"NL00INGB0001234567";"";"BA";"Af";"112,20";"Betaalautomaat";"Pasvolgnr: 001";"5991,59";""
"20260723";"Thuisbezorgd.nl via Takeaway";"NL00INGB0001234567";"";"BA";"Af";"32,22";"Betaalautomaat";"";"6103,79";""
"20260722";"Picnic";"NL00INGB0001234567";"";"BA";"Af";"75,26";"Betaalautomaat";"Pasvolgnr: 001";"6136,01";""
"20260721";"Dominos Pizza";"NL00INGB0001234567";"";"BA";"Af";"54,88";"Betaalautomaat";"";"6211,27";""
"20260720";"Naar Oranje Spaarrekening V12345678";"NL00INGB0001234567";"NL10INGB";"GT";"Af";"400,00";"Online bankieren";"Maandelijks sparen";"6266,15";""
"20260720";"Albert Heijn 1234";"NL00INGB0001234567";"";"BA";"Af";"17,11";"Betaalautomaat";"Pasvolgnr: 001";"6666,15";""
"20260720";"Jumbo Utrecht";"NL00INGB0001234567";"";"BA";"Af";"97,60";"Betaalautomaat";"Pasvolgnr: 001";"6683,26";""
"20260720";"Thuisbezorgd.nl via Takeaway";"NL00INGB0001234567";"";"BA";"Af";"51,60";"Betaalautomaat";"";"6780,86";""
"20260720";"bol.com b.v.";"NL00INGB0001234567";"NL12";"BA";"Af";"125,64";"iDEAL";"Bestelling";"6832,46";""
"20260720";"Brasserie De Zon";"NL00INGB0001234567";"";"BA";"Af";"41,95";"Betaalautomaat";"";"6958,10";""
"20260718";"Tango Houten";"NL00INGB0001234567";"";"BA";"Af";"61,60";"Betaalautomaat";"";"7000,05";""
"20260717";"Vriend";"NL00INGB0001234567";"NL13";"GT";"Af";"25,00";"Online bankieren";"Tikkie verjaardag";"7061,65";""
"20260713";"Kruidvat 7766";"NL00INGB0001234567";"";"BA";"Af";"38,43";"Betaalautomaat";"";"7086,65";""
"20260712";"Basic-Fit Nederland";"NL00INGB0001234567";"NL99";"BA";"Af";"29,99";"Incasso";"Lidmaatschap";"7125,08";""
"20260711";"Jumbo Utrecht";"NL00INGB0001234567";"";"BA";"Af";"83,70";"Betaalautomaat";"Pasvolgnr: 001";"7155,07";""
"20260710";"Zilveren Kruis Zorgverzekeringen";"NL00INGB0001234567";"NL88";"BA";"Af";"298,40";"Incasso";"Premie";"7238,77";""
"20260710";"Tango Houten";"NL00INGB0001234567";"";"BA";"Af";"44,69";"Betaalautomaat";"";"7537,17";""
"20260709";"Spotify AB";"NL00INGB0001234567";"NL77";"BA";"Af";"17,99";"Incasso";"Spotify Duo";"7581,86";""
"20260708";"Netflix International B.V.";"NL00INGB0001234567";"NL66";"BA";"Af";"13,99";"Incasso";"Netflix";"7599,85";""
"20260708";"Dominos Pizza";"NL00INGB0001234567";"";"BA";"Af";"32,78";"Betaalautomaat";"";"7613,84";""
"20260706";"Ziggo Services BV";"NL00INGB0001234567";"NL55";"BA";"Af";"68,50";"Incasso";"Internet + TV";"7646,62";""
"20260706";"Lidl Nieuwegein";"NL00INGB0001234567";"";"BA";"Af";"46,56";"Betaalautomaat";"Pasvolgnr: 001";"7715,12";""
"20260706";"Albert Heijn 1234";"NL00INGB0001234567";"";"BA";"Af";"34,15";"Betaalautomaat";"Pasvolgnr: 001";"7761,68";""
"20260706";"Albert Heijn 1234";"NL00INGB0001234567";"";"BA";"Af";"83,41";"Betaalautomaat";"Pasvolgnr: 001";"7795,83";""
"20260705";"Vattenfall Klantenservice N.V.";"NL00INGB0001234567";"NL44";"BA";"Af";"142,00";"Incasso";"Termijnbedrag energie";"7879,24";""
"20260703";"Albert Heijn 1234";"NL00INGB0001234567";"";"BA";"Af";"57,27";"Betaalautomaat";"Pasvolgnr: 001";"8021,24";""
"20260702";"Florius hypotheken";"NL00INGB0001234567";"NL33ABNA000";"BA";"Af";"1245,30";"Incasso";"Hypotheek termijn";"8078,51";""
"20260701";"Partner A";"NL00INGB0001234567";"NL11INGB0009999999";"GT";"Bij";"1850,00";"Online bankieren";"Inleg gezamenlijke rekening";"9323,81";""
"20260701";"Partner B";"NL00INGB0001234567";"NL22RABO0008888888";"BA";"Bij";"1650,00";"Overschrijving";"Inleg";"7473,81";""
"20260701";"Tango Houten";"NL00INGB0001234567";"";"BA";"Af";"31,03";"Betaalautomaat";"";"5823,81";""
"20260628";"Picnic";"NL00INGB0001234567";"";"BA";"Af";"89,68";"Betaalautomaat";"Pasvolgnr: 001";"5854,84";""
"20260628";"Picnic";"NL00INGB0001234567";"";"BA";"Af";"50,55";"Betaalautomaat";"Pasvolgnr: 001";"5944,52";""
"20260626";"Picnic";"NL00INGB0001234567";"";"BA";"Af";"90,14";"Betaalautomaat";"Pasvolgnr: 001";"5995,07";""
"20260626";"Vriend";"NL00INGB0001234567";"NL13";"GT";"Af";"25,00";"Online bankieren";"Tikkie verjaardag";"6085,21";""
"20260623";"Jumbo Utrecht";"NL00INGB0001234567";"";"BA";"Af";"30,68";"Betaalautomaat";"Pasvolgnr: 001";"6110,21";""
"20260623";"Albert Heijn 1234";"NL00INGB0001234567";"";"BA";"Af";"32,71";"Betaalautomaat";"Pasvolgnr: 001";"6140,89";""
"20260622";"bol.com b.v.";"NL00INGB0001234567";"NL12";"BA";"Af";"123,26";"iDEAL";"Bestelling";"6173,60";""
"20260621";"Jumbo Utrecht";"NL00INGB0001234567";"";"BA";"Af";"46,74";"Betaalautomaat";"Pasvolgnr: 001";"6296,86";""
"20260621";"Thuisbezorgd.nl via Takeaway";"NL00INGB0001234567";"";"BA";"Af";"44,33";"Betaalautomaat";"";"6343,60";""
"20260620";"Naar Oranje Spaarrekening V12345678";"NL00INGB0001234567";"NL10INGB";"GT";"Af";"400,00";"Online bankieren";"Maandelijks sparen";"6387,93";""
"20260620";"Uber Eats";"NL00INGB0001234567";"";"BA";"Af";"39,95";"Betaalautomaat";"";"6787,93";""
"20260620";"NS Groep IZ NS Reizigers";"NL00INGB0001234567";"";"BA";"Af";"46,52";"Betaalautomaat";"";"6827,88";""
"20260617";"Picnic";"NL00INGB0001234567";"";"BA";"Af";"22,95";"Betaalautomaat";"Pasvolgnr: 001";"6874,40";""
"20260615";"Dominos Pizza";"NL00INGB0001234567";"";"BA";"Af";"32,09";"Betaalautomaat";"";"6897,35";""
"20260614";"Picnic";"NL00INGB0001234567";"";"BA";"Af";"27,41";"Betaalautomaat";"Pasvolgnr: 001";"6929,44";""
"20260614";"Jumbo Utrecht";"NL00INGB0001234567";"";"BA";"Af";"103,99";"Betaalautomaat";"Pasvolgnr: 001";"6956,85";""
"20260614";"Shell Utrecht";"NL00INGB0001234567";"";"BA";"Af";"56,34";"Betaalautomaat";"";"7060,84";""
"20260612";"Basic-Fit Nederland";"NL00INGB0001234567";"NL99";"BA";"Af";"29,99";"Incasso";"Lidmaatschap";"7117,18";""
"20260612";"Jumbo Utrecht";"NL00INGB0001234567";"";"BA";"Af";"106,80";"Betaalautomaat";"Pasvolgnr: 001";"7147,17";""
"20260612";"NS Groep IZ NS Reizigers";"NL00INGB0001234567";"";"BA";"Af";"40,40";"Betaalautomaat";"";"7253,97";""
"20260612";"Brasserie De Zon";"NL00INGB0001234567";"";"BA";"Af";"53,82";"Betaalautomaat";"";"7294,37";""
"20260610";"Zilveren Kruis Zorgverzekeringen";"NL00INGB0001234567";"NL88";"BA";"Af";"298,40";"Incasso";"Premie";"7348,19";""
"20260609";"Spotify AB";"NL00INGB0001234567";"NL77";"BA";"Af";"17,99";"Incasso";"Spotify Duo";"7646,59";""
"20260608";"Netflix International B.V.";"NL00INGB0001234567";"NL66";"BA";"Af";"13,99";"Incasso";"Netflix";"7664,58";""
"20260608";"Thuisbezorgd.nl via Takeaway";"NL00INGB0001234567";"";"BA";"Af";"54,53";"Betaalautomaat";"";"7678,57";""
"20260606";"Ziggo Services BV";"NL00INGB0001234567";"NL55";"BA";"Af";"68,50";"Incasso";"Internet + TV";"7733,10";""
"20260606";"Kruidvat 7766";"NL00INGB0001234567";"";"BA";"Af";"17,13";"Betaalautomaat";"";"7801,60";""
"20260605";"Vattenfall Klantenservice N.V.";"NL00INGB0001234567";"NL44";"BA";"Af";"142,00";"Incasso";"Termijnbedrag energie";"7818,73";""
"20260605";"Tango Houten";"NL00INGB0001234567";"";"BA";"Af";"66,26";"Betaalautomaat";"";"7960,73";""
"20260604";"Lidl Nieuwegein";"NL00INGB0001234567";"";"BA";"Af";"72,22";"Betaalautomaat";"Pasvolgnr: 001";"8026,99";""
"20260603";"Picnic";"NL00INGB0001234567";"";"BA";"Af";"81,00";"Betaalautomaat";"Pasvolgnr: 001";"8099,21";""
"20260602";"Florius hypotheken";"NL00INGB0001234567";"NL33ABNA000";"BA";"Af";"1245,30";"Incasso";"Hypotheek termijn";"8180,21";""
"20260601";"Partner A";"NL00INGB0001234567";"NL11INGB0009999999";"GT";"Bij";"1850,00";"Online bankieren";"Inleg gezamenlijke rekening";"9425,51";""
"20260601";"Partner B";"NL00INGB0001234567";"NL22RABO0008888888";"BA";"Bij";"1650,00";"Overschrijving";"Inleg";"7575,51";""
"20260527";"Lidl Nieuwegein";"NL00INGB0001234567";"";"BA";"Af";"108,63";"Betaalautomaat";"Pasvolgnr: 001";"5925,51";""
"20260526";"Picnic";"NL00INGB0001234567";"";"BA";"Af";"95,83";"Betaalautomaat";"Pasvolgnr: 001";"6034,14";""
"20260526";"Tango Houten";"NL00INGB0001234567";"";"BA";"Af";"43,32";"Betaalautomaat";"";"6129,97";""
"20260526";"Brasserie De Zon";"NL00INGB0001234567";"";"BA";"Af";"101,97";"Betaalautomaat";"";"6173,29";""
"20260525";"Tango Houten";"NL00INGB0001234567";"";"BA";"Af";"71,33";"Betaalautomaat";"";"6275,26";""
"20260520";"Naar Oranje Spaarrekening V12345678";"NL00INGB0001234567";"NL10INGB";"GT";"Af";"400,00";"Online bankieren";"Maandelijks sparen";"6346,59";""
"20260520";"Lidl Nieuwegein";"NL00INGB0001234567";"";"BA";"Af";"96,28";"Betaalautomaat";"Pasvolgnr: 001";"6746,59";""
"20260517";"Picnic";"NL00INGB0001234567";"";"BA";"Af";"61,16";"Betaalautomaat";"Pasvolgnr: 001";"6842,87";""
"20260517";"Vriend";"NL00INGB0001234567";"NL13";"GT";"Af";"25,00";"Online bankieren";"Tikkie verjaardag";"6904,03";""
"20260516";"Albert Heijn 1234";"NL00INGB0001234567";"";"BA";"Af";"73,88";"Betaalautomaat";"Pasvolgnr: 001";"6929,03";""
"20260513";"bol.com b.v.";"NL00INGB0001234567";"NL12";"BA";"Af";"23,32";"iDEAL";"Bestelling";"7002,91";""
"20260512";"Basic-Fit Nederland";"NL00INGB0001234567";"NL99";"BA";"Af";"29,99";"Incasso";"Lidmaatschap";"7026,23";""
"20260512";"Albert Heijn 1234";"NL00INGB0001234567";"";"BA";"Af";"23,37";"Betaalautomaat";"Pasvolgnr: 001";"7056,22";""
"20260510";"Zilveren Kruis Zorgverzekeringen";"NL00INGB0001234567";"NL88";"BA";"Af";"298,40";"Incasso";"Premie";"7079,59";""
"20260510";"Uber Eats";"NL00INGB0001234567";"";"BA";"Af";"49,31";"Betaalautomaat";"";"7377,99";""
"20260509";"Spotify AB";"NL00INGB0001234567";"NL77";"BA";"Af";"17,99";"Incasso";"Spotify Duo";"7427,30";""
"20260508";"Netflix International B.V.";"NL00INGB0001234567";"NL66";"BA";"Af";"13,99";"Incasso";"Netflix";"7445,29";""
"20260508";"Picnic";"NL00INGB0001234567";"";"BA";"Af";"72,81";"Betaalautomaat";"Pasvolgnr: 001";"7459,28";""
"20260506";"Ziggo Services BV";"NL00INGB0001234567";"NL55";"BA";"Af";"68,50";"Incasso";"Internet + TV";"7532,09";""
"20260506";"Jumbo Utrecht";"NL00INGB0001234567";"";"BA";"Af";"85,51";"Betaalautomaat";"Pasvolgnr: 001";"7600,59";""
"20260505";"Vattenfall Klantenservice N.V.";"NL00INGB0001234567";"NL44";"BA";"Af";"142,00";"Incasso";"Termijnbedrag energie";"7686,10";""
"20260504";"Kruidvat 7766";"NL00INGB0001234567";"";"BA";"Af";"37,30";"Betaalautomaat";"";"7828,10";""
"20260503";"Dominos Pizza";"NL00INGB0001234567";"";"BA";"Af";"36,97";"Betaalautomaat";"";"7865,40";""
"20260502";"Florius hypotheken";"NL00INGB0001234567";"NL33ABNA000";"BA";"Af";"1245,30";"Incasso";"Hypotheek termijn";"7902,37";""
"20260502";"Albert Heijn 1234";"NL00INGB0001234567";"";"BA";"Af";"88,02";"Betaalautomaat";"Pasvolgnr: 001";"9147,67";""
"20260501";"Partner A";"NL00INGB0001234567";"NL11INGB0009999999";"GT";"Bij";"1850,00";"Online bankieren";"Inleg gezamenlijke rekening";"9235,69";""
"20260501";"Partner B";"NL00INGB0001234567";"NL22RABO0008888888";"BA";"Bij";"1650,00";"Overschrijving";"Inleg";"7385,69";""
"20260428";"Jumbo Utrecht";"NL00INGB0001234567";"";"BA";"Af";"75,09";"Betaalautomaat";"Pasvolgnr: 001";"5735,69";""
"20260427";"Lidl Nieuwegein";"NL00INGB0001234567";"";"BA";"Af";"59,10";"Betaalautomaat";"Pasvolgnr: 001";"5810,78";""
"20260426";"Picnic";"NL00INGB0001234567";"";"BA";"Af";"109,57";"Betaalautomaat";"Pasvolgnr: 001";"5869,88";""
"20260423";"NS Groep IZ NS Reizigers";"NL00INGB0001234567";"";"BA";"Af";"47,87";"Betaalautomaat";"";"5979,45";""
"20260421";"Jumbo Utrecht";"NL00INGB0001234567";"";"BA";"Af";"99,15";"Betaalautomaat";"Pasvolgnr: 001";"6027,32";""
"20260421";"Lidl Nieuwegein";"NL00INGB0001234567";"";"BA";"Af";"85,18";"Betaalautomaat";"Pasvolgnr: 001";"6126,47";""
"20260420";"Naar Oranje Spaarrekening V12345678";"NL00INGB0001234567";"NL10INGB";"GT";"Af";"400,00";"Online bankieren";"Maandelijks sparen";"6211,65";""
"20260416";"NS Groep IZ NS Reizigers";"NL00INGB0001234567";"";"BA";"Af";"44,22";"Betaalautomaat";"";"6611,65";""
"20260413";"Picnic";"NL00INGB0001234567";"";"BA";"Af";"24,76";"Betaalautomaat";"Pasvolgnr: 001";"6655,87";""
"20260413";"Dominos Pizza";"NL00INGB0001234567";"";"BA";"Af";"26,21";"Betaalautomaat";"";"6680,63";""
"20260413";"bol.com b.v.";"NL00INGB0001234567";"NL12";"BA";"Af";"40,60";"iDEAL";"Bestelling";"6706,84";""
"20260412";"Basic-Fit Nederland";"NL00INGB0001234567";"NL99";"BA";"Af";"29,99";"Incasso";"Lidmaatschap";"6747,44";""
"20260411";"Jumbo Utrecht";"NL00INGB0001234567";"";"BA";"Af";"46,10";"Betaalautomaat";"Pasvolgnr: 001";"6777,43";""
"20260411";"Lidl Nieuwegein";"NL00INGB0001234567";"";"BA";"Af";"111,89";"Betaalautomaat";"Pasvolgnr: 001";"6823,53";""
"20260410";"Zilveren Kruis Zorgverzekeringen";"NL00INGB0001234567";"NL88";"BA";"Af";"298,40";"Incasso";"Premie";"6935,42";""
"20260409";"Spotify AB";"NL00INGB0001234567";"NL77";"BA";"Af";"17,99";"Incasso";"Spotify Duo";"7233,82";""
"20260409";"Dominos Pizza";"NL00INGB0001234567";"";"BA";"Af";"50,26";"Betaalautomaat";"";"7251,81";""
"20260409";"Vriend";"NL00INGB0001234567";"NL13";"GT";"Af";"25,00";"Online bankieren";"Tikkie verjaardag";"7302,07";""
"20260408";"Netflix International B.V.";"NL00INGB0001234567";"NL66";"BA";"Af";"13,99";"Incasso";"Netflix";"7327,07";""
"20260406";"Ziggo Services BV";"NL00INGB0001234567";"NL55";"BA";"Af";"68,50";"Incasso";"Internet + TV";"7341,06";""
"20260406";"Brasserie De Zon";"NL00INGB0001234567";"";"BA";"Af";"40,92";"Betaalautomaat";"";"7409,56";""
"20260405";"Vattenfall Klantenservice N.V.";"NL00INGB0001234567";"NL44";"BA";"Af";"142,00";"Incasso";"Termijnbedrag energie";"7450,48";""
"20260403";"Picnic";"NL00INGB0001234567";"";"BA";"Af";"105,15";"Betaalautomaat";"Pasvolgnr: 001";"7592,48";""
"20260402";"Florius hypotheken";"NL00INGB0001234567";"NL33ABNA000";"BA";"Af";"1245,30";"Incasso";"Hypotheek termijn";"7697,63";""
"20260401";"Partner A";"NL00INGB0001234567";"NL11INGB0009999999";"GT";"Bij";"1850,00";"Online bankieren";"Inleg gezamenlijke rekening";"8942,93";""
"20260401";"Partner B";"NL00INGB0001234567";"NL22RABO0008888888";"BA";"Bij";"1650,00";"Overschrijving";"Inleg";"7092,93";""
"20260401";"Kruidvat 7766";"NL00INGB0001234567";"";"BA";"Af";"14,76";"Betaalautomaat";"";"5442,93";""
"20260326";"Lidl Nieuwegein";"NL00INGB0001234567";"";"BA";"Af";"99,46";"Betaalautomaat";"Pasvolgnr: 001";"5457,69";""
"20260325";"Lidl Nieuwegein";"NL00INGB0001234567";"";"BA";"Af";"119,68";"Betaalautomaat";"Pasvolgnr: 001";"5557,15";""
"20260321";"Vriend";"NL00INGB0001234567";"NL13";"GT";"Af";"25,00";"Online bankieren";"Tikkie verjaardag";"5676,83";""
"20260320";"Naar Oranje Spaarrekening V12345678";"NL00INGB0001234567";"NL10INGB";"GT";"Af";"400,00";"Online bankieren";"Maandelijks sparen";"5701,83";""
"20260320";"Jumbo Utrecht";"NL00INGB0001234567";"";"BA";"Af";"86,07";"Betaalautomaat";"Pasvolgnr: 001";"6101,83";""
"20260320";"Jumbo Utrecht";"NL00INGB0001234567";"";"BA";"Af";"19,29";"Betaalautomaat";"Pasvolgnr: 001";"6187,90";""
"20260319";"Lidl Nieuwegein";"NL00INGB0001234567";"";"BA";"Af";"25,20";"Betaalautomaat";"Pasvolgnr: 001";"6207,19";""
"20260319";"Picnic";"NL00INGB0001234567";"";"BA";"Af";"41,15";"Betaalautomaat";"Pasvolgnr: 001";"6232,39";""
"20260319";"Brasserie De Zon";"NL00INGB0001234567";"";"BA";"Af";"68,21";"Betaalautomaat";"";"6273,54";""
"20260317";"Shell Utrecht";"NL00INGB0001234567";"";"BA";"Af";"66,34";"Betaalautomaat";"";"6341,75";""
"20260316";"Jumbo Utrecht";"NL00INGB0001234567";"";"BA";"Af";"36,19";"Betaalautomaat";"Pasvolgnr: 001";"6408,09";""
"20260314";"Jumbo Utrecht";"NL00INGB0001234567";"";"BA";"Af";"111,24";"Betaalautomaat";"Pasvolgnr: 001";"6444,28";""
"20260314";"Picnic";"NL00INGB0001234567";"";"BA";"Af";"66,65";"Betaalautomaat";"Pasvolgnr: 001";"6555,52";""
"20260314";"Uber Eats";"NL00INGB0001234567";"";"BA";"Af";"30,20";"Betaalautomaat";"";"6622,17";""
"20260314";"Thuisbezorgd.nl via Takeaway";"NL00INGB0001234567";"";"BA";"Af";"38,45";"Betaalautomaat";"";"6652,37";""
"20260314";"Tango Houten";"NL00INGB0001234567";"";"BA";"Af";"28,50";"Betaalautomaat";"";"6690,82";""
"20260312";"Basic-Fit Nederland";"NL00INGB0001234567";"NL99";"BA";"Af";"29,99";"Incasso";"Lidmaatschap";"6719,32";""
"20260311";"Jumbo Utrecht";"NL00INGB0001234567";"";"BA";"Af";"75,17";"Betaalautomaat";"Pasvolgnr: 001";"6749,31";""
"20260311";"Kruidvat 7766";"NL00INGB0001234567";"";"BA";"Af";"26,09";"Betaalautomaat";"";"6824,48";""
"20260310";"Zilveren Kruis Zorgverzekeringen";"NL00INGB0001234567";"NL88";"BA";"Af";"298,40";"Incasso";"Premie";"6850,57";""
"20260309";"Spotify AB";"NL00INGB0001234567";"NL77";"BA";"Af";"17,99";"Incasso";"Spotify Duo";"7148,97";""
"20260308";"Netflix International B.V.";"NL00INGB0001234567";"NL66";"BA";"Af";"13,99";"Incasso";"Netflix";"7166,96";""
"20260306";"Ziggo Services BV";"NL00INGB0001234567";"NL55";"BA";"Af";"68,50";"Incasso";"Internet + TV";"7180,95";""
"20260305";"Vattenfall Klantenservice N.V.";"NL00INGB0001234567";"NL44";"BA";"Af";"142,00";"Incasso";"Termijnbedrag energie";"7249,45";""
"20260304";"Albert Heijn 1234";"NL00INGB0001234567";"";"BA";"Af";"102,66";"Betaalautomaat";"Pasvolgnr: 001";"7391,45";""
"20260302";"Florius hypotheken";"NL00INGB0001234567";"NL33ABNA000";"BA";"Af";"1245,30";"Incasso";"Hypotheek termijn";"7494,11";""
"20260302";"Lidl Nieuwegein";"NL00INGB0001234567";"";"BA";"Af";"62,75";"Betaalautomaat";"Pasvolgnr: 001";"8739,41";""
"20260302";"Albert Heijn 1234";"NL00INGB0001234567";"";"BA";"Af";"21,53";"Betaalautomaat";"Pasvolgnr: 001";"8802,16";""
"20260302";"Thuisbezorgd.nl via Takeaway";"NL00INGB0001234567";"";"BA";"Af";"30,39";"Betaalautomaat";"";"8823,69";""
"20260302";"bol.com b.v.";"NL00INGB0001234567";"NL12";"BA";"Af";"134,74";"iDEAL";"Bestelling";"8854,08";""
"20260301";"Partner A";"NL00INGB0001234567";"NL11INGB0009999999";"GT";"Bij";"1850,00";"Online bankieren";"Inleg gezamenlijke rekening";"8988,82";""
"20260301";"Partner B";"NL00INGB0001234567";"NL22RABO0008888888";"BA";"Bij";"1650,00";"Overschrijving";"Inleg";"7138,82";""
"20260228";"NS Groep IZ NS Reizigers";"NL00INGB0001234567";"";"BA";"Af";"60,80";"Betaalautomaat";"";"5488,82";""
"20260223";"Picnic";"NL00INGB0001234567";"";"BA";"Af";"51,00";"Betaalautomaat";"Pasvolgnr: 001";"5549,62";""
"20260221";"Jumbo Utrecht";"NL00INGB0001234567";"";"BA";"Af";"81,43";"Betaalautomaat";"Pasvolgnr: 001";"5600,62";""
"20260221";"Lidl Nieuwegein";"NL00INGB0001234567";"";"BA";"Af";"73,65";"Betaalautomaat";"Pasvolgnr: 001";"5682,05";""
"20260220";"Naar Oranje Spaarrekening V12345678";"NL00INGB0001234567";"NL10INGB";"GT";"Af";"400,00";"Online bankieren";"Maandelijks sparen";"5755,70";""
"20260217";"Lidl Nieuwegein";"NL00INGB0001234567";"";"BA";"Af";"71,14";"Betaalautomaat";"Pasvolgnr: 001";"6155,70";""
"20260213";"Vriend";"NL00INGB0001234567";"NL13";"GT";"Af";"25,00";"Online bankieren";"Tikkie verjaardag";"6226,84";""
"20260212";"Basic-Fit Nederland";"NL00INGB0001234567";"NL99";"BA";"Af";"29,99";"Incasso";"Lidmaatschap";"6251,84";""
"20260212";"Dominos Pizza";"NL00INGB0001234567";"";"BA";"Af";"24,73";"Betaalautomaat";"";"6281,83";""
"20260210";"Zilveren Kruis Zorgverzekeringen";"NL00INGB0001234567";"NL88";"BA";"Af";"298,40";"Incasso";"Premie";"6306,56";""
"20260210";"Jumbo Utrecht";"NL00INGB0001234567";"";"BA";"Af";"63,20";"Betaalautomaat";"Pasvolgnr: 001";"6604,96";""
"20260210";"Dominos Pizza";"NL00INGB0001234567";"";"BA";"Af";"44,28";"Betaalautomaat";"";"6668,16";""
"20260210";"Brasserie De Zon";"NL00INGB0001234567";"";"BA";"Af";"49,55";"Betaalautomaat";"";"6712,44";""
"20260209";"Spotify AB";"NL00INGB0001234567";"NL77";"BA";"Af";"17,99";"Incasso";"Spotify Duo";"6761,99";""
"20260209";"Jumbo Utrecht";"NL00INGB0001234567";"";"BA";"Af";"95,34";"Betaalautomaat";"Pasvolgnr: 001";"6779,98";""
"20260208";"Netflix International B.V.";"NL00INGB0001234567";"NL66";"BA";"Af";"13,99";"Incasso";"Netflix";"6875,32";""
"20260208";"Jumbo Utrecht";"NL00INGB0001234567";"";"BA";"Af";"47,04";"Betaalautomaat";"Pasvolgnr: 001";"6889,31";""
"20260207";"Kruidvat 7766";"NL00INGB0001234567";"";"BA";"Af";"36,61";"Betaalautomaat";"";"6936,35";""
"20260206";"Ziggo Services BV";"NL00INGB0001234567";"NL55";"BA";"Af";"68,50";"Incasso";"Internet + TV";"6972,96";""
"20260206";"Lidl Nieuwegein";"NL00INGB0001234567";"";"BA";"Af";"52,36";"Betaalautomaat";"Pasvolgnr: 001";"7041,46";""
"20260205";"Vattenfall Klantenservice N.V.";"NL00INGB0001234567";"NL44";"BA";"Af";"142,00";"Incasso";"Termijnbedrag energie";"7093,82";""
"20260205";"NS Groep IZ NS Reizigers";"NL00INGB0001234567";"";"BA";"Af";"44,63";"Betaalautomaat";"";"7235,82";""
"20260204";"Lidl Nieuwegein";"NL00INGB0001234567";"";"BA";"Af";"103,14";"Betaalautomaat";"Pasvolgnr: 001";"7280,45";""
"20260204";"Jumbo Utrecht";"NL00INGB0001234567";"";"BA";"Af";"49,76";"Betaalautomaat";"Pasvolgnr: 001";"7383,59";""
"20260203";"Albert Heijn 1234";"NL00INGB0001234567";"";"BA";"Af";"19,86";"Betaalautomaat";"Pasvolgnr: 001";"7433,35";""
"20260203";"Jumbo Utrecht";"NL00INGB0001234567";"";"BA";"Af";"58,34";"Betaalautomaat";"Pasvolgnr: 001";"7453,21";""
"20260203";"bol.com b.v.";"NL00INGB0001234567";"NL12";"BA";"Af";"51,08";"iDEAL";"Bestelling";"7511,55";""
"20260202";"Florius hypotheken";"NL00INGB0001234567";"NL33ABNA000";"BA";"Af";"1245,30";"Incasso";"Hypotheek termijn";"7562,63";""
"20260201";"Partner A";"NL00INGB0001234567";"NL11INGB0009999999";"GT";"Bij";"1850,00";"Online bankieren";"Inleg gezamenlijke rekening";"8807,93";""
"20260201";"Partner B";"NL00INGB0001234567";"NL22RABO0008888888";"BA";"Bij";"1650,00";"Overschrijving";"Inleg";"6957,93";""
"20260201";"Tango Houten";"NL00INGB0001234567";"";"BA";"Af";"37,34";"Betaalautomaat";"";"5307,93";""
"20260127";"Albert Heijn 1234";"NL00INGB0001234567";"";"BA";"Af";"82,27";"Betaalautomaat";"Pasvolgnr: 001";"5345,27";""
"20260127";"Dominos Pizza";"NL00INGB0001234567";"";"BA";"Af";"49,74";"Betaalautomaat";"";"5427,54";""
"20260126";"Lidl Nieuwegein";"NL00INGB0001234567";"";"BA";"Af";"118,95";"Betaalautomaat";"Pasvolgnr: 001";"5477,28";""
"20260126";"Lidl Nieuwegein";"NL00INGB0001234567";"";"BA";"Af";"43,53";"Betaalautomaat";"Pasvolgnr: 001";"5596,23";""
"20260120";"Naar Oranje Spaarrekening V12345678";"NL00INGB0001234567";"NL10INGB";"GT";"Af";"400,00";"Online bankieren";"Maandelijks sparen";"5639,76";""
"20260117";"Kruidvat 7766";"NL00INGB0001234567";"";"BA";"Af";"14,24";"Betaalautomaat";"";"6039,76";""
"20260114";"Brasserie De Zon";"NL00INGB0001234567";"";"BA";"Af";"81,92";"Betaalautomaat";"";"6054,00";""
"20260114";"Vriend";"NL00INGB0001234567";"NL13";"GT";"Af";"25,00";"Online bankieren";"Tikkie verjaardag";"6135,92";""
"20260113";"Albert Heijn 1234";"NL00INGB0001234567";"";"BA";"Af";"72,69";"Betaalautomaat";"Pasvolgnr: 001";"6160,92";""
"20260113";"Dominos Pizza";"NL00INGB0001234567";"";"BA";"Af";"30,21";"Betaalautomaat";"";"6233,61";""
"20260112";"Basic-Fit Nederland";"NL00INGB0001234567";"NL99";"BA";"Af";"29,99";"Incasso";"Lidmaatschap";"6263,82";""
"20260110";"Zilveren Kruis Zorgverzekeringen";"NL00INGB0001234567";"NL88";"BA";"Af";"298,40";"Incasso";"Premie";"6293,81";""
"20260110";"Jumbo Utrecht";"NL00INGB0001234567";"";"BA";"Af";"45,41";"Betaalautomaat";"Pasvolgnr: 001";"6592,21";""
"20260110";"NS Groep IZ NS Reizigers";"NL00INGB0001234567";"";"BA";"Af";"62,29";"Betaalautomaat";"";"6637,62";""
"20260110";"bol.com b.v.";"NL00INGB0001234567";"NL12";"BA";"Af";"128,73";"iDEAL";"Bestelling";"6699,91";""
"20260109";"Spotify AB";"NL00INGB0001234567";"NL77";"BA";"Af";"17,99";"Incasso";"Spotify Duo";"6828,64";""
"20260109";"Lidl Nieuwegein";"NL00INGB0001234567";"";"BA";"Af";"96,87";"Betaalautomaat";"Pasvolgnr: 001";"6846,63";""
"20260109";"Albert Heijn 1234";"NL00INGB0001234567";"";"BA";"Af";"37,51";"Betaalautomaat";"Pasvolgnr: 001";"6943,50";""
"20260108";"Netflix International B.V.";"NL00INGB0001234567";"NL66";"BA";"Af";"13,99";"Incasso";"Netflix";"6981,01";""
"20260108";"Albert Heijn 1234";"NL00INGB0001234567";"";"BA";"Af";"69,64";"Betaalautomaat";"Pasvolgnr: 001";"6995,00";""
"20260108";"Uber Eats";"NL00INGB0001234567";"";"BA";"Af";"31,24";"Betaalautomaat";"";"7064,64";""
"20260106";"Ziggo Services BV";"NL00INGB0001234567";"NL55";"BA";"Af";"68,50";"Incasso";"Internet + TV";"7095,88";""
"20260105";"Vattenfall Klantenservice N.V.";"NL00INGB0001234567";"NL44";"BA";"Af";"142,00";"Incasso";"Termijnbedrag energie";"7164,38";""
"20260105";"Picnic";"NL00INGB0001234567";"";"BA";"Af";"24,46";"Betaalautomaat";"Pasvolgnr: 001";"7306,38";""
"20260104";"Lidl Nieuwegein";"NL00INGB0001234567";"";"BA";"Af";"90,73";"Betaalautomaat";"Pasvolgnr: 001";"7330,84";""
"20260103";"Dominos Pizza";"NL00INGB0001234567";"";"BA";"Af";"33,13";"Betaalautomaat";"";"7421,57";""
"20260102";"Florius hypotheken";"NL00INGB0001234567";"NL33ABNA000";"BA";"Af";"1245,30";"Incasso";"Hypotheek termijn";"7454,70";""
"20260101";"Partner A";"NL00INGB0001234567";"NL11INGB0009999999";"GT";"Bij";"1850,00";"Online bankieren";"Inleg gezamenlijke rekening";"8700,00";""
"20260101";"Partner B";"NL00INGB0001234567";"NL22RABO0008888888";"BA";"Bij";"1650,00";"Overschrijving";"Inleg";"6850,00";""
